Network name,Tree name,Country code,Source group,Source,ST,ST,CC,CC_CC
402981_Human_225_5,0402981_Human_225_5,DEU,Human,Human,225,ST225,5,CC5
071973G_Unknown_30_30,071973G_Unknown_30_30,GBR,Unknown,Unknown,30,ST30,30,CC30
0864N0012_Human_59_59,0864N0012_Human_59_59,GBR,Human,Human,59,ST59,59,CC59
0864N0014_Human_338_59,0864N0014_Human_338_59,GBR,Human,Human,338,ST338,59,CC59
0864N0015_Human_375_59,0864N0015_Human_375_59,GBR,Human,Human,375,ST375,59,CC59
0864N0016_Macaque_1760_1760,0864N0016_Macaque_1760_1760,NLD,Monkey,Macaque,1760,ST1760,1760,CC1760
0864N0017_Macaque_1768_1768,0864N0017_Macaque_1768_1768,NLD,Monkey,Macaque,1768,ST1768,1768,CC1768
0864N0018_Macaque_2096_1760,0864N0018_Macaque_2096_1760,NLD,Monkey,Macaque,2096,ST2096,1760,CC1760
0864N0020_Macaque_2098_2098,0864N0020_Macaque_2098_2098,NLD,Monkey,Macaque,2098,ST2098,2098,CC2098
0864N0021_Macaque_2099_45,0864N0021_Macaque_2099_45,NLD,Monkey,Macaque,2099,ST2099,45,CC45
0864N0023_Macaque_2106_2106,0864N0023_Macaque_2106_2106,NLD,Monkey,Macaque,2106,ST2106,2106,CC2106
0864N0024_Macaque_2108_2108,0864N0024_Macaque_2108_2108,NLD,Monkey,Macaque,2108,ST2108,2108,CC2108
0864N0025_Macaque_2119_2119,0864N0025_Macaque_2119_2119,NLD,Monkey,Macaque,2119,ST2119,2119,CC2119
0864N0026_Macaque_2120_2120,0864N0026_Macaque_2120_2120,NLD,Monkey,Macaque,2120,ST2120,2120,CC2120
0864N0027_Macaque_2134_45,0864N0027_Macaque_2134_45,NLD,Monkey,Macaque,2134,ST2134,45,CC45
0864N0037_Human_188_15,0864N0037_Human_188_C188,NLD,Human,Human,188,ST188,188,CC188
0864N0038_Human_1761_601,0864N0038_Human_1761_601,NLD,Human,Human,1761,ST1761,601,CC601
0864N0047_Rabbit_121_121,0864N0047_Rabbit_121_121,ESP,Lagomorphs,Rabbit,121,ST121,121,CC121
0864N0048_Rabbit_121_121,0864N0048_Rabbit_121_121,ESP,Lagomorphs,Rabbit,121,ST121,121,CC121
0864N0049_Rabbit_121_121,0864N0049_Rabbit_121_121,ESP,Lagomorphs,Rabbit,121,ST121,121,CC121
0864N0050_Rabbit_121_121,0864N0050_Rabbit_121_121,ESP,Lagomorphs,Rabbit,121,ST121,121,CC121
0864N0051_Rabbit_121_121,0864N0051_Rabbit_121_121,ESP,Lagomorphs,Rabbit,121,ST121,121,CC121
0864N0092_Human_12_12,0864N0092_Human_12_12,USA,Human,Human,12,ST12,12,CC12
0864N0094_Sheep_1464_1464,0864N0094_Sheep_1464_1464,ESP,Bovid,Sheep,1464,ST1464,1464,CC1464
08BA02176_Human_398_398,08BA02176_Human_398_398,CAN,Human,Human,398,ST398,398,CC398
0979N0001_Human_97_97,0979N0001_Human_97_97,DNK,Human,Human,97,ST97,97,CC97
0979N0002_Human_97_97,0979N0002_Human_97_97,DNK,Human,Human,97,ST97,97,CC97
0979N0003_Human_97_97,0979N0003_Human_97_97,DNK,Human,Human,97,ST97,97,CC97
0979N0004_Human_97_97,0979N0004_Human_97_97,DNK,Human,Human,97,ST97,97,CC97
10388_Human_228_5,10388_Human_228_5,CHE,Human,Human,228,ST228,5,CC5
10497_Human_228_5,10497_Human_228_5,CHE,Human,Human,228,ST228,5,CC5
10868410_Human_225_5,10868410_Human_225_5,DEU,Human,Human,225,ST225,5,CC5
10868428_Cow_188_15,10868428_Cow_188_188,GBR,Bovid,Cow,188,ST188,188,CC188
1086843_unknown_2676_130,1086843_unknown_2676_130,FRA,Unknown,Unknown,2676,ST2676,130,CC130
10868430_Cow_188_15,10868430_Cow_188_188,GBR,Bovid,Cow,188,ST188,188,CC188
10868431_Cow_188_15,10868431_Cow_188_188,GBR,Bovid,Cow,188,ST188,188,CC188
10868432_Cow_1_1,10868432_Cow_1_1,GBR,Bovid,Cow,1,ST1,1,CC1
10868446_Redsquirrel_80_80,10868446_Redsquirrel_80_80,GBR,Rodent,Redsquirrel,80,ST80,80,CC80
10900217_Human_NA_NA,10900217_Human_NA_130,AUT,Human,Human,na,STna,130,CC130
10900218_Hedgehog_1944_130,10900218_Hedgehog_3138_130,AUT,Unclassified,Hedgehog,3138,ST3138,130,CC130
10900219_Hare_700_130,10900219_Hare_700_130,DEU,Lagomorphs,Hare,700,ST700,130,CC130
1090022_Cow_2508_599,1090022_Cow_2508_599,BEL,Bovid,Cow,2508,ST2508,599,CC599
10900246_Cow_458_97,10900246_Cow_2826_97,TUR,Bovid,Cow,2826,ST2826,97,CC97
10900252_Cow_1715_81,10900252_Cow_1715_81,TUR,Bovid,Cow,1715,ST1715,81,CC81
10900259_Cow_504novel_351or151,10900259_Cow_504_151,TUR,Bovid,Cow,504,ST504,151,CC151
10900263_Cow_12_12,10900263_Cow_12_12,TUR,Bovid,Cow,12,ST12,12,CC12
11414177_Deer_425_425,11414177_Deer_425_425,ESP,Ruminant,Deer,425,ST425,425,CC425
1167N0019_Bat_246,1167N0019_Bat_246,NGA,Bat,Bat,246,ST246,246,CC246
1167N0020_Bat_1725_1725,1167N0020_Bat_1725_1725,NGA,Bat,Bat,1725,ST1725,1725,CC1725
1167N0022_Bat_1727_1727,1167N0022_Bat_1727_1727,NGA,Bat,Bat,1727,ST1727,1727,CC1727
1167N0023_Bat_246,1167N0023_Bat_246,NGA,Bat,Bat,246,ST246,246,CC246
1167N0024_Bat_246,1167N0024_Bat_246,NGA,Bat,Bat,2467,ST2467,2467,CC2467
1167N0025_Bat_246,1167N0025_Bat_246,NGA,Bat,Bat,2464,ST2464,2464,CC2464
1167N0026_Bat_246,1167N0026_Bat_246,NGA,Bat,Bat,2463,ST2463,2463,CC2463
1181997_Human_80_80,1181997_Human_80_80,DNK,Human,Human,80,ST80,80,CC80
15532_Human_228_5,15532_Human_228_5,CHE,Human,Human,228,ST228,5,CC5
16035_Human_228_5,16035_Human_228_5,CHE,Human,Human,228,ST228,5,CC5
16125_Human_228_5,16125_Human_228_5,CHE,Human,Human,228,ST228,5,CC5
18341_Human_228_5,18341_Human_228_5,CHE,Human,Human,228,ST228,5,CC5
18412_Human_228_5,18412_Human_228_5,CHE,Human,Human,228,ST228,5,CC5
18583_Human_228_5,18583_Human_228_5,CHE,Human,Human,228,ST228,5,CC5
423811_Human_45_45,423811_Human_45_45,BEL,Human,Human,45,ST45,45,CC45
4238110_Human_45_45,4238110_Human_45_45,BEL,Human,Human,45,ST45,45,CC45
4238111_Human_8_8,4238111_Human_8_8,BEL,Human,Human,8,ST8,8,CC8
4238112_Human_5_5,4238112_Human_5_5,BEL,Human,Human,5,ST5,5,CC5
423814_Human_8_8,423814_Human_8_8,BEL,Human,Human,8,ST8,8,CC8
423815_Human_8_8,423815_Human_8_8,BEL,Human,Human,8,ST8,8,CC8
423816_Human_8_8,423816_Human_8_8,BEL,Human,Human,8,ST8,8,CC8
423817_Human_45_45,423817_Human_45_45,BEL,Human,Human,45,ST45,45,CC45
423818_Human_45_45,423818_Human_45_45,BEL,Human,Human,45,ST45,45,CC45
433021_Human_30_30,433021_Human_30_30,ESP,Human,Human,30,ST30,30,CC30
4330210_Human_146_5,4330210_Human_146_5,ESP,Human,Human,146,ST146,5,CC5
4330211_Human_5_5,4330211_Human_5_5,ESP,Human,Human,5,ST5,5,CC5
4330212_Human_125_5,4330212_Human_125_5,ESP,Human,Human,125,ST125,5,CC5
433022_Human_NA_15,433022_Human_NA_15,ESP,Human,Human,na,STna,15,CC15
433023_Human_8_8,433023_Human_8_8,ESP,Human,Human,8,ST8,8,CC8
433024_Human_146_5,433024_Human_146_5,ESP,Human,Human,146,ST146,5,CC5
433025_Human_NA_30,433025_Human_30_30,ESP,Human,Human,30,ST30,30,CC30
433026_Human_125_5,433026_Human_125_5,ESP,Human,Human,125,ST125,5,CC5
433027_Human_125_5,433027_Human_125_5,ESP,Human,Human,125,ST125,5,CC5
433028_Human_15_15,433028_Human_15_15,ESP,Human,Human,15,ST15,15,CC15
433029_Human_125_5,433029_Human_125_5,ESP,Human,Human,125,ST125,5,CC5
433081_Human_45_45,433081_Human_45_45,AUT,Human,Human,45,ST45,45,CC45
4330810_Human_8_8,4330810_Human_8_8,BEL,Human,Human,8,ST8,8,CC8
4330811_Human_8_8,4330811_Human_8_8,BEL,Human,Human,8,ST8,8,CC8
4330812_Human_8_8,4330812_Human_8_8,BEL,Human,Human,8,ST8,8,CC8
433082_Human_26_25,433082_Human_26_25,AUT,Human,Human,26,ST26,25,CC25
433083_Human_NA_5,433083_Human_NA_5,BEL,Human,Human,na,STna,5,CC5
433084_Human_45_45,433084_Human_45_45,BEL,Human,Human,45,ST45,45,CC45
433086_Human_1_1,433086_Human_1_1,AUT,Human,Human,1,ST1,1,CC1
433087_Human_228_5,433087_Human_228_5,AUT,Human,Human,228,ST228,5,CC5
433088_Human_1776_6,433088_Human_1776_6,AUT,Human,Human,1776,ST1776,6,CC6
433089_Human_8_8,433089_Human_8_8,BEL,Human,Human,8,ST8,8,CC8
434051_Human_45_45,434051_Human_45_45,BGR,Human,Human,45,ST45,45,CC45
4340510_Human_72_72,4340510_Human_72_8888,BGR,Human,Human,72,ST72,72,CC72
4340511_Human_111_5,4340511_Human_111_5,HRV,Human,Human,111,ST111,5,CC5
4340512_Human_22_22,4340512_Human_22_22,HRV,Human,Human,22,ST22,22,CC22
434052_Human_NA_NA,434052_Human_NA_NA,BGR,Human,Human,na,STna,na,CCna
434053_Human_111_5,434053_Human_111_5,HRV,Human,Human,111,ST111,5,CC5
434054_Human_111_5,434054_Human_111_5,HRV,Human,Human,111,ST111,5,CC5
434055_Human_121_121,434055_Human_121_121,BGR,Human,Human,121,ST121,121,CC121
434056_Human_101_101,434056_Human_101_101,BGR,Human,Human,101,ST101,101,CC101
434058_Human_88_88,434058_Human_88_88,BGR,Human,Human,88,ST88,88,CC88
434059_Human_1829_30,434059_Human_1829_30,BGR,Human,Human,1829,ST1829,30,CC30
434061_Human_45_45,434061_Human_45_45,BEL,Human,Human,45,ST45,45,CC45
4340611_Human_72_72,4340611_Human_72_8888,BGR,Human,Human,72,ST72,72,CC72
4340612_Human_5_5,4340612_Human_5_5,BGR,Human,Human,5,ST5,5,CC5
434062_Human_8_8,434062_Human_8_8,BEL,Human,Human,8,ST8,8,CC8
434063_Human_239_8,434063_Human_239_8,BGR,Human,Human,239,ST239,8,CC8
434064_Human_239_8,434064_Human_239_8,BGR,Human,Human,239,ST239,8,CC8
434066_Human_8_8,434066_Human_8_8,BEL,Human,Human,8,ST8,8,CC8
434067_Human_5_5,434067_Human_5_5,BEL,Human,Human,5,ST5,5,CC5
434068_Human_25_25,434068_Human_25_25,BEL,Human,Human,25,ST25,25,CC25
434069_Human_22_22,434069_Human_22_22,BEL,Human,Human,22,ST22,22,CC22
435011_Human_225_5,435011_Human_225_5,CZE,Human,Human,225,ST225,5,CC5
4350110_Human_225_5,4350110_Human_225_5,CZE,Human,Human,225,ST225,5,CC5
4350111_Human_15_15,4350111_Human_15_15,CZE,Human,Human,15,ST15,15,CC15
4350112_Human_5_5,4350112_Human_5_5,CZE,Human,Human,5,ST5,5,CC5
435012_Human_225_5,435012_Human_225_5,CZE,Human,Human,225,ST225,5,CC5
435013_Human_398_398,435013_Human_398_398,CZE,Human,Human,398,ST398,398,CC398
435014_Human_45_45,435014_Human_45_45,CZE,Human,Human,45,ST45,45,CC45
435015_Human_225_5,435015_Human_225_5,CZE,Human,Human,225,ST225,5,CC5
435016_Human_45_45,435016_Human_45_45,CZE,Human,Human,45,ST45,45,CC45
435017_Human_NA_45,435017_Human_NA_45,CZE,Human,Human,na,STna,45,CC45
435018_Human_225_5,435018_Human_225_5,CZE,Human,Human,225,ST225,5,CC5
435019_Human_8_8,435019_Human_8_8,CZE,Human,Human,8,ST8,8,CC8
435021_Human_101_101,435021_Human_101_101,CZE,Human,Human,101,ST101,101,CC101
4350210_Human_15_15,4350210_Human_15_15,DNK,Human,Human,15,ST15,15,CC15
4350211_Human_5_5,4350211_Human_5_5,DNK,Human,Human,5,ST5,5,CC5
435022_Human_NA_30,435022_Human_30_30,CZE,Human,Human,30,ST30,30,CC30
435023_Human_30_30,435023_Human_30_30,DNK,Human,Human,30,ST30,30,CC30
435024_Human_15_15,435024_Human_15_15,DNK,Human,Human,15,ST15,15,CC15
435025_Human_20_20,435025_Human_20_20,CZE,Human,Human,20,ST20,20,CC20
435026_Human_8_8,435026_Human_8_8,CZE,Human,Human,8,ST8,8,CC8
435027_Human_225_5,435027_Human_225_5,CZE,Human,Human,225,ST225,5,CC5
435028_Human_25_25,435028_Human_25_25,CZE,Human,Human,25,ST25,25,CC25
435029_Human_101_101,435029_Human_101_101,DNK,Human,Human,101,ST101,101,CC101
435075_Human_15_15,435075_Human_15_15,SVN,Human,Human,15,ST15,15,CC15
435076_Human_7_7,435076_Human_7_7,SVN,Human,Human,7,ST7,7,CC7
438611_Human_111_5,438611_Human_111_5,HRV,Human,Human,111,ST111,5,CC5
4386110_Human_111_5,4386110_Human_111_5,HRV,Human,Human,111,ST111,5,CC5
4386111_Human_45_45,4386111_Human_45_45,HRV,Human,Human,45,ST45,45,CC45
4386112_Human_111_5,4386112_Human_111_5,HRV,Human,Human,111,ST111,5,CC5
438612_Human_45_45,438612_Human_45_45,HRV,Human,Human,45,ST45,45,CC45
438613_Human_45_45,438613_Human_45_45,CYP,Human,Human,45,ST45,45,CC45
438614_Human_39_30,438614_Human_39_30,CYP,Human,Human,39,ST39,30,CC30
438615_Human_45_45,438615_Human_45_45,HRV,Human,Human,45,ST45,45,CC45
438616_Human_8_8,438616_Human_8_8,HRV,Human,Human,8,ST8,8,CC8
438617_Human_NA_5,438617_Human_NA_5,HRV,Human,Human,na,STna,5,CC5
438618_Human_NA_15,438618_Human_NA_15,HRV,Human,Human,na,STna,15,CC15
438619_Human_111_5,438619_Human_111_5,HRV,Human,Human,111,ST111,5,CC5
438621_Human_45_45,438621_Human_45_45,DNK,Human,Human,45,ST45,45,CC45
4386210_Human_NA_NA,4386210_Human_NA_NA,na,Human,Human,na,STna,na,CCna
4386211_Human_8_8,4386211_Human_8_8,DNK,Human,Human,8,ST8,8,CC8
4386212_Human_30_30,4386212_Human_30_30,DNK,Human,Human,30,ST30,30,CC30
438622_Human_22_22,438622_Human_22_22,DNK,Human,Human,22,ST22,22,CC22
438623_Human_20_20,438623_Human_20_20,DNK,Human,Human,20,ST20,20,CC20
438625_Human_30_30,438625_Human_30_30,DNK,Human,Human,30,ST30,30,CC30
438626_Human_NA_45,438626_Human_NA_45,DNK,Human,Human,na,STna,45,CC45
438628_Human_NA_30,438628_Human_30_30,DNK,Human,Human,30,ST30,30,CC30
438629_Human_1_1,438629_Human_1_1,DNK,Human,Human,1,ST1,1,CC1
438651_Human_5_5,438651_Human_5_5,FRA,Human,Human,5,ST5,5,CC5
4386510_Human_5_5,4386510_Human_5_5,FRA,Human,Human,5,ST5,5,CC5
4386512_Human_NA_8,4386512_Human_NA_8,FRA,Human,Human,na,STna,8,CC8
438652_Human_81_1,438652_Human_81_1,FRA,Human,Human,81,ST81,1,CC1
438654_Human_5_5,438654_Human_5_5,FRA,Human,Human,5,ST5,5,CC5
438655_Human_398_398,438655_Human_398_398,FRA,Human,Human,398,ST398,398,CC398
438656_Human_8_8,438656_Human_8_8,FRA,Human,Human,8,ST8,8,CC8
438657_Human_NA_8,438657_Human_NA_8,FRA,Human,Human,na,STna,8,CC8
438658_Human_22_22,438658_Human_22_22,FRA,Human,Human,22,ST22,22,CC22
438661_Human_NA_NA,438661_Human_2867_NA,FRA,Human,Human,2867,ST2867,na,CCna
4386610_Human_NA_30,4386610_Human_30_30,FRA,Human,Human,30,ST30,30,CC30
4386611_Human_8_8,4386611_Human_8_8,FRA,Human,Human,8,ST8,8,CC8
4386612_Human_9_9,4386612_Human_9_9,DEU,Human,Human,9,ST9,9,CC9
438662_Human_30_30,438662_Human_30_30,FRA,Human,Human,30,ST30,30,CC30
438663_Human_22_22,438663_Human_22_22,DEU,Human,Human,22,ST22,22,CC22
438664_Human_22_22,438664_Human_22_22,DEU,Human,Human,22,ST22,22,CC22
438665_Human_8_8,438665_Human_8_8,FRA,Human,Human,8,ST8,8,CC8
438666_Human_8_8,438666_Human_8_8,FRA,Human,Human,8,ST8,8,CC8
438667_Human_8_8,438667_Human_8_8,FRA,Human,Human,8,ST8,8,CC8
438668_Human_NA_8888,438668_Human_2869_8888,FRA,Human,Human,2869,ST2869,8888,CC8888
438669_Human_239_8,438669_Human_239_8,FRA,Human,Human,239,ST239,8,CC8
438671_Human_22_22,438671_Human_22_22,DEU,Human,Human,22,ST22,22,CC22
4386710_Human_22_22,4386710_Human_22_22,DEU,Human,Human,22,ST22,22,CC22
4386711_Human_22_22,4386711_Human_22_22,DEU,Human,Human,22,ST22,22,CC22
4386712_Human_22_22,4386712_Human_22_22,DEU,Human,Human,22,ST22,22,CC22
438672_Human_22_22,438672_Human_22_22,DEU,Human,Human,22,ST22,22,CC22
438673_Human_225_5,438673_Human_225_5,DEU,Human,Human,225,ST225,5,CC5
438674_Human_45_45,438674_Human_45_45,DEU,Human,Human,45,ST45,45,CC45
438675_Human_30_30,438675_Human_30_30,DEU,Human,Human,30,ST30,30,CC30
438677_Human_225_5,438677_Human_225_5,DEU,Human,Human,225,ST225,5,CC5
438678_Human_7_7,438678_Human_7_7,DEU,Human,Human,7,ST7,7,CC7
438681_Human_22_22,438681_Human_22_22,DEU,Human,Human,22,ST22,22,CC22
4386810_Human_20_20,4386810_Human_20_20,DEU,Human,Human,20,ST20,20,CC20
4386811_Human_22_22,4386811_Human_22_22,DEU,Human,Human,22,ST22,22,CC22
438682_Human_225_5,438682_Human_225_5,DEU,Human,Human,225,ST225,5,CC5
438683_Human_582_15,438683_Human_582_15,DEU,Human,Human,582,ST582,15,CC15
438684_Human_5_5,438684_Human_5_5,DEU,Human,Human,5,ST5,5,CC5
438685_Human_228_5,438685_Human_228_5,DEU,Human,Human,228,ST228,5,CC5
438687_Human_225_5,438687_Human_225_5,DEU,Human,Human,225,ST225,5,CC5
438688_Human_1_1,438688_Human_1_1,DEU,Human,Human,1,ST1,1,CC1
439521_Human_22_22,439521_Human_22_22,PRT,Human,Human,22,ST22,22,CC22
4395210_Human_22_22,4395210_Human_22_22,PRT,Human,Human,22,ST22,22,CC22
4395211_Human_5_5,4395211_Human_5_5,PRT,Human,Human,5,ST5,5,CC5
4395212_Human_22_22,4395212_Human_22_22,PRT,Human,Human,22,ST22,22,CC22
439522_Human_105_5,439522_Human_105_5,PRT,Human,Human,105,ST105,5,CC5
439523_Human_15_15,439523_Human_15_15,PRT,Human,Human,15,ST15,15,CC15
439525_Human_22_22,439525_Human_22_22,PRT,Human,Human,22,ST22,22,CC22
439526_Human_22_22,439526_Human_22_22,PRT,Human,Human,22,ST22,22,CC22
439527_Human_5_5,439527_Human_5_5,PRT,Human,Human,5,ST5,5,CC5
439528_Human_121_121,439528_Human_121_121,PRT,Human,Human,121,ST121,121,CC121
439529_Human_5_5,439529_Human_5_5,PRT,Human,Human,5,ST5,5,CC5
439531_Human_146_5,439531_Human_146_5,ESP,Human,Human,146,ST146,5,CC5
4395310_Human_125_5,4395310_Human_125_5,ESP,Human,Human,125,ST125,5,CC5
4395311_Human_45_45,4395311_Human_45_45,ESP,Human,Human,45,ST45,45,CC45
4395312_Human_125_5,4395312_Human_125_5,ESP,Human,Human,125,ST125,5,CC5
439533_Human_36_30,439533_Human_36_30,ESP,Human,Human,36,ST36,30,CC30
439534_Human_228_5,439534_Human_228_5,ESP,Human,Human,228,ST228,5,CC5
439535_Human_125_5,439535_Human_125_5,ESP,Human,Human,125,ST125,5,CC5
439536_Human_125_5,439536_Human_125_5,ESP,Human,Human,125,ST125,5,CC5
439537_Human_1_1,439537_Human_1_1,ESP,Human,Human,1,ST1,1,CC1
439538_Human_NA_5,439538_Human_2870_5,ESP,Human,Human,2870,ST2870,5,CC5
439539_Human_123_123,439539_Human_123_123,ESP,Human,Human,123,ST123,123,CC123
441411_Human_30_30,441411_Human_30_30,ITA,Human,Human,30,ST30,30,CC30
4414110_Human_NA_1,4414110_Human_1_1,ITA,Human,Human,1,ST1,1,CC1
4414112_Human_101_101,4414112_Human_101_101,ITA,Human,Human,101,ST101,101,CC101
441412_Human_5_5,441412_Human_5_5,ITA,Human,Human,5,ST5,5,CC5
441413_Human_30_30,441413_Human_30_30,ITA,Human,Human,30,ST30,30,CC30
441415_Human_228_5,441415_Human_228_5,ITA,Human,Human,228,ST228,5,CC5
441416_Human_7_7,441416_Human_7_7,ITA,Human,Human,7,ST7,7,CC7
441418_Human_12_12,441418_Human_12_12,ITA,Human,Human,12,ST12,12,CC12
441421_Human_30_30,441421_Human_30_30,POL,Human,Human,30,ST30,30,CC30
4414210_Human_45_45,4414210_Human_45_45,POL,Human,Human,45,ST45,45,CC45
4414212_Human_22_22,4414212_Human_22_22,PRT,Human,Human,22,ST22,22,CC22
441422_Human_5_5,441422_Human_5_5,POL,Human,Human,5,ST5,5,CC5
441423_Human_22_22,441423_Human_22_22,PRT,Human,Human,22,ST22,22,CC22
441424_Human_30_30,441424_Human_30_30,PRT,Human,Human,30,ST30,30,CC30
441425_Human_5_5,441425_Human_5_5,POL,Human,Human,5,ST5,5,CC5
441426_Human_45_45,441426_Human_45_45,POL,Human,Human,45,ST45,45,CC45
441427_Human_241_8,441427_Human_241_8,POL,Human,Human,241,ST241,8,CC8
441428_Human_5_5,441428_Human_5_5,POL,Human,Human,5,ST5,5,CC5
441429_Human_109_109,441429_Human_109_9,PRT,Human,Human,109,ST109,9,CC9
441431_Human_35_15,441431_Human_35_15,SWE,Human,Human,35,ST35,15,CC15
4414310_Human_45_45,4414310_Human_45_45,SWE,Human,Human,45,ST45,45,CC45
4414311_Human_45_45,4414311_Human_45_45,SWE,Human,Human,45,ST45,45,CC45
4414312_Human_45_45,4414312_Human_45_45,SWE,Human,Human,45,ST45,45,CC45
441432_Human_150_88,441432_Human_2881_88,SWE,Human,Human,2881,ST2881,88,CC88
441433_Human_45_45,441433_Human_45_45,SWE,Human,Human,45,ST45,45,CC45
441434_Human_395_45,441434_Human_395_45,SWE,Human,Human,395,ST395,45,CC45
441435_Human_15_15,441435_Human_15_15,SWE,Human,Human,15,ST15,15,CC15
441436_Human_NA_15,441436_Human_NA_15,SWE,Human,Human,na,STna,15,CC15
441437_Human_NA_30,441437_Human_34_30,SWE,Human,Human,34,ST34,30,CC30
441438_Human_8_8,441438_Human_8_8,SWE,Human,Human,8,ST8,8,CC8
441439_Human_8_8,441439_Human_8_8,SWE,Human,Human,8,ST8,8,CC8
441451_Human_15_15,441451_Human_15_15,SWE,Human,Human,15,ST15,15,CC15
4414510_Human_45_45,4414510_Human_45_45,SWE,Human,Human,45,ST45,45,CC45
4414511_Human_30_30,4414511_Human_30_30,SWE,Human,Human,30,ST30,30,CC30
4414512_Human_15_15,4414512_Human_15_15,SWE,Human,Human,15,ST15,15,CC15
441452_Human_12_12,441452_Human_12_12,SWE,Human,Human,12,ST12,12,CC12
441453_Human_NA_30,441453_Human_2879_30,SWE,Human,Human,2879,ST2879,30,CC30
441454_Human_45_45,441454_Human_45_45,SWE,Human,Human,45,ST45,45,CC45
441455_Human_22_22,441455_Human_22_22,SWE,Human,Human,22,ST22,22,CC22
441456_Human_45_45,441456_Human_45_45,SWE,Human,Human,45,ST45,45,CC45
441457_Human_5_5,441457_Human_5_5,SWE,Human,Human,5,ST5,5,CC5
441458_Human_46_45,441458_Human_46_45,SWE,Human,Human,46,ST46,45,CC45
441459_Human_1156_12,441459_Human_1156_12,SWE,Human,Human,1156,ST1156,12,CC12
441461_Human_30_30,441461_Human_30_30,SWE,Human,Human,30,ST30,30,CC30
4414610_Human_30_30,4414610_Human_30_30,SWE,Human,Human,30,ST30,30,CC30
4414612_Human_15_15,4414612_Human_15_15,SWE,Human,Human,15,ST15,15,CC15
441462_Human_30_30,441462_Human_30_30,SWE,Human,Human,30,ST30,30,CC30
441463_Human_45_45,441463_Human_45_45,SWE,Human,Human,45,ST45,45,CC45
441464_Human_88_88,441464_Human_88_88,SWE,Human,Human,88,ST88,88,CC88
441465_Human_111_5,441465_Human_111_5,SWE,Human,Human,111,ST111,5,CC5
441466_Human_45_45,441466_Human_45_45,SWE,Human,Human,45,ST45,45,CC45
441467_Human_20_20,441467_Human_20_20,SWE,Human,Human,20,ST20,20,CC20
441469_Human_15_15,441469_Human_15_15,SWE,Human,Human,15,ST15,15,CC15
4415210_Human_1_1,4415210_Human_1_1,GBR,Human,Human,1,ST1,1,CC1
4415212_Human_22_22,4415212_Human_22_22,GBR,Human,Human,22,ST22,22,CC22
441522_Human_15_15,441522_Human_15_15,GBR,Human,Human,15,ST15,15,CC15
441523_Human_22_22,441523_Human_22_22,GBR,Human,Human,22,ST22,22,CC22
441524_Human_22_22,441524_Human_22_22,GBR,Human,Human,22,ST22,22,CC22
441525_Human_2066_NA,441525_Human_2066_88,GBR,Human,Human,2066,ST2066,88,CC88
441526_Human_15_15,441526_Human_15_15,GBR,Human,Human,15,ST15,15,CC15
441527_Human_20_20,441527_Human_20_20,GBR,Human,Human,20,ST20,20,CC20
441528_Human_46_45,441528_Human_46_45,GBR,Human,Human,46,ST46,45,CC45
441529_Human_30_30,441529_Human_30_30,GBR,Human,Human,30,ST30,30,CC30
441531_Human_22_22,441531_Human_22_22,GBR,Human,Human,22,ST22,22,CC22
4415310_Human_1_1,4415310_Human_1_1,GBR,Human,Human,1,ST1,1,CC1
4415311_Human_5_5,4415311_Human_5_5,GBR,Human,Human,5,ST5,5,CC5
4415312_Human_NA_22,4415312_Human_22_22,GBR,Human,Human,22,ST22,22,CC22
441532_Human_22_22,441532_Human_22_22,GBR,Human,Human,22,ST22,22,CC22
441533_Human_NA_22,441533_Human_22_22,GBR,Human,Human,22,ST22,22,CC22
441534_Human_22_22,441534_Human_22_22,GBR,Human,Human,22,ST22,22,CC22
441535_Human_22_22,441535_Human_22_22,GBR,Human,Human,22,ST22,22,CC22
441536_Human_22_22,441536_Human_22_22,GBR,Human,Human,22,ST22,22,CC22
441537_Human_22_22,441537_Human_22_22,GBR,Human,Human,22,ST22,22,CC22
441538_Human_22_22,441538_Human_22_22,GBR,Human,Human,22,ST22,22,CC22
443011_Human_45_45,443011_Human_45_45,DNK,Human,Human,45,ST45,45,CC45
4430110_Human_NA_398,4430110_Human_291_291,FRA,Human,Human,291,ST291,291,CC291
4430111_Human_22_22,4430111_Human_22_22,FRA,Human,Human,22,ST22,22,CC22
4430112_Human_1_1,4430112_Human_1_1,FRA,Human,Human,1,ST1,1,CC1
443012_Human_15_15,443012_Human_15_15,DNK,Human,Human,15,ST15,15,CC15
443013_Human_NA_1,443013_Human_1_1,FRA,Human,Human,1,ST1,1,CC1
443015_Human_30_30,443015_Human_30_30,FIN,Human,Human,30,ST30,30,CC30
443016_Human_5_5,443016_Human_5_5,FIN,Human,Human,5,ST5,5,CC5
443017_Human_NA_15,443017_Human_15_15,FIN,Human,Human,15,ST15,15,CC15
443019_Human_NA_22,443019_Human_22_22,FRA,Human,Human,22,ST22,22,CC22
443021_Human_72_72,443021_Human_72_8888,DEU,Human,Human,72,ST72,72,CC72
4430210_Human_225_5,4430210_Human_225_5,DEU,Human,Human,225,ST225,5,CC5
4430211_Human_97_97,4430211_Human_97_97,DEU,Human,Human,97,ST97,97,CC97
4430212_Human_78_88,4430212_Human_78_88,GRC,Human,Human,78,ST78,88,CC88
443022_Human_22_22,443022_Human_22_22,DEU,Human,Human,22,ST22,22,CC22
443023_Human_5_5,443023_Human_5_5,GRC,Human,Human,5,ST5,5,CC5
443024_Human_12_12,443024_Human_12_12,HUN,Human,Human,12,ST12,12,CC12
443025_Human_22_22,443025_Human_22_22,DEU,Human,Human,22,ST22,22,CC22
443026_Human_225_5,443026_Human_225_5,DEU,Human,Human,225,ST225,5,CC5
443027_Human_225_5,443027_Human_225_5,DEU,Human,Human,225,ST225,5,CC5
443028_Human_15_15,443028_Human_15_15,DEU,Human,Human,15,ST15,15,CC15
443029_Human_8_8,443029_Human_8_8,DEU,Human,Human,8,ST8,8,CC8
446551_Human_NA_7,446551_Human_7_7,ITA,Human,Human,7,ST7,7,CC7
4465510_Human_NA_8,4465510_Human_8_8,NLD,Human,Human,8,ST8,8,CC8
446552_Human_NA_8,446552_Human_8_8,ITA,Human,Human,8,ST8,8,CC8
446553_Human_NA_1,446553_Human_1_1,NOR,Human,Human,1,ST1,1,CC1
446554_Human_NA_45,446554_Human_45_45,NOR,Human,Human,45,ST45,45,CC45
446555_Human_NA_NA,446555_Human_25_25,NOR,Human,Human,25,ST25,25,CC25
446556_Human_NA_7,446556_Human_7_7,ITA,Human,Human,7,ST7,7,CC7
446557_Human_NA_5,446557_Human_5_5,ITA,Human,Human,5,ST5,5,CC5
446559_Human_NA_5,446559_Human_5_5,NLD,Human,Human,5,ST5,5,CC5
458471_Human_22_22,458471_Human_22_22,GBR,Human,Human,22,ST22,22,CC22
458472_Human_34_30,458472_Human_34_30,GBR,Human,Human,34,ST34,30,CC30
458473_Human_30_30,458473_Human_30_30,GBR,Human,Human,30,ST30,30,CC30
52701_Cow_97_97,52701_Cow_97_97,GBR,Bovid,Cow,97,ST97,97,CC97
52702_Human_97_97,52702_Human_97_97,DZA,Human,Human,97,ST97,97,CC97
52704_Cow_97_97,52704_Cow_97_97,DNK,Bovid,Cow,97,ST97,97,CC97
52705_Cow_97_97,52705_Cow_97_97,DNK,Bovid,Cow,97,ST97,97,CC97
52706_Human_97_97,52706_Human_97_97,USA,Human,Human,97,ST97,97,CC97
52707_Human_97_97,52707_Human_97_97,NZL,Human,Human,97,ST97,97,CC97
52708_Human_97_97,52708_Human_97_97,DEU,Human,Human,97,ST97,97,CC97
52709_Human_97_97,52709_Human_97_97,GBR,Human,Human,97,ST97,97,CC97
52710_Cow_97_97,52710_Cow_97_97,IRL,Bovid,Cow,97,ST97,97,CC97
52711_Goat_97_97,52711_Goat_97_97,PRT,Bovid,Goat,97,ST97,97,CC97
552053_Human_30_30,552053_Human_30_30,na,Human,Human,30,ST30,30,CC30
612106_Human_93_93,612106_Human_93_93,AUS,Human,Human,93,ST93,93,CC93
612111_Human_239_8,612111_Human_239_8,AUS,Human,Human,239,ST239,8,CC8
612112_Horse_1_1,612112_Horse_1_1,CHE,Equine,Horse,1,ST1,1,CC1
612113_Horse_1_1,612113_Horse_1_1,CHE,Equine,Horse,1,ST1,1,CC1
612114_Horse_1_1,612114_Horse_1_1,CHE,Equine,Horse,1,ST1,1,CC1
612115_Horse_1_1,612115_Horse_1_1,CHE,Equine,Horse,1,ST1,1,CC1
61223_Human_952_59,61223_Human_952_59,AUS,Human,Human,952,ST952,59,CC59
61233_Goat_133_133,61233_Goat_133_133,NOR,Bovid,Goat,133,ST133,133,CC133
61234_Goat_133_133,61234_Goat_133_133,ITA,Bovid,Goat,133,ST133,133,CC133
61235_Goat_133_133,61235_Goat_133_133,ITA,Bovid,Goat,133,ST133,133,CC133
61236_Cow_133_133,61236_Cow_133_133,SWE,Bovid,Cow,133,ST133,133,CC133
61237_Sheep_133_133,61237_Sheep_133_133,NOR,Bovid,Sheep,133,ST133,133,CC133
61238_Cow_133_133,61238_Cow_133_133,IRL,Bovid,Cow,133,ST133,133,CC133
61239_Cow_699_72,61239_Cow_699_72,IRL,Bovid,Cow,699,ST699,72,CC72
61240_Goat_481_133,61240_Goat_481_133,NOR,Bovid,Goat,481,ST481,133,CC133
61241_Goat_481_133,61241_Goat_481_133,NOR,Bovid,Goat,481,ST481,133,CC133
61243_Sheep_750_133,61243_Sheep_750_133,BRA,Bovid,Sheep,750,ST750,133,CC133
61244_Sheep_750_133,61244_Sheep_750_133,BRA,Bovid,Sheep,750,ST750,133,CC133
61245_Cow_131_133,61245_Cow_131_133,NOR,Bovid,Cow,131,ST131,133,CC133
61246_Cow_132_133,61246_Cow_132_133,NOR,Bovid,Cow,132,ST132,133,CC133
61248_Goat_133_133,61248_Goat_133_133,NOR,Bovid,Goat,133,ST133,133,CC133
61249_Goat_133_133,61249_Goat_133_133,NOR,Bovid,Goat,133,ST133,133,CC133
61250_Cow_133_133,61250_Cow_133_133,NOR,Bovid,Cow,133,ST133,133,CC133
61251_Cow_133_133,61251_Cow_133_133,NOR,Bovid,Cow,133,ST133,133,CC133
61252_Goat_139_133,61252_Goat_139_133,NOR,Bovid,Goat,139,ST139,133,CC133
61253_Cow_481_133,61253_Cow_481_133,NOR,Bovid,Cow,481,ST481,133,CC133
61254_Cow_481_133,61254_Cow_481_133,NOR,Bovid,Cow,481,ST481,133,CC133
61255_Mara_130_130,61255_Mara_130_130,DNK,Rodent,Mara,130,ST130,130,CC130
61256_Mara_130_130,61256_Mara_130_130,DNK,Rodent,Mara,130,ST130,130,CC130
61257_Capybara_133_133,61257_Capybara_133_133,DNK,Rodent,Capybara,133,ST133,133,CC133
61258_Goat_133_133,61258_Goat_133_133,DNK,Bovid,Goat,133,ST133,133,CC133
61259_Lion_133_133,61259_Lion_133_133,DNK,Carnivore,Lion,133,ST133,133,CC133
61260_Cat_133_133,61260_Cat_133_133,DNK,Carnivore,Cat,133,ST133,133,CC133
61261_Cat_133_133,61261_Cat_133_133,DNK,Carnivore,Cat,133,ST133,133,CC133
61262_Tapir_133_133,61262_Tapir_133_133,DNK,Unclassified,Tapir,133,ST133,133,CC133
61263_Chaffinch_692_385,61263_Chaffinch_692_385,GBR,Aves,Chaffinch,692,ST692,385,CC385
61264_Corncrake_1452_133,61264_Corncrake_1452_133,GBR,Aves,Corncrake,1452,ST1452,133,CC133
61265_Sparrow_novel_NA,61265_Sparrow_novel_NA,GBR,Aves,Sparrow,na,STna,na,CCna
61267_Chicken_5_5,61267_Chicken_5_5,GBR,Aves,Chicken,5,ST5,5,CC5
61269_Chicken_692_385,61269_Chicken_692_385,GBR,Aves,Chicken,692,ST692,385,CC385
61270_Chicken_5_5,61270_Chicken_5_5,USA,Aves,Chicken,5,ST5,5,CC5
61271_Chicken_5_5,61271_Chicken_5_5,USA,Aves,Chicken,5,ST5,5,CC5
61272_Chicken_1342_5,61272_Chicken_1342_5,USA,Aves,Chicken,1342,ST1342,5,CC5
61273_Chicken_385_385,61273_Chicken_385_385,BEL,Aves,Chicken,385,ST385,385,CC385
61274_Chicken_5_5,61274_Chicken_5_5,BEL,Aves,Chicken,5,ST5,5,CC5
61275_Chicken_1345_1345,61275_Chicken_1345_1345,AUS,Aves,Chicken,1345,ST1345,1345,CC1345
61276_Avian_1345_1,61276_Avian_1345_1,AUS,Aves,Avian,1345,ST1345,1,CC1
61277_Chicken_1_1,61277_Chicken_1_1,JPN,Aves,Chicken,1,ST1,1,CC1
61278_Chicken_1027_1027,61278_Chicken_1027_1027,JPN,Aves,Chicken,1027,ST1027,1027,CC1027
61280_Chicken_5_5,61280_Chicken_5_5,JPN,Aves,Chicken,5,ST5,5,CC5
61281_Chicken_5_5,61281_Chicken_5_5,JPN,Aves,Chicken,5,ST5,5,CC5
61282_Chicken_1344_385,61282_Chicken_1344_385,JPN,Aves,Chicken,1344,ST1344,385,CC385
61283_Pheasant_692_385,61283_Pheasant_692_385,GBR,Aves,Pheasant,692,ST692,385,CC385
61284_Partridge_692_385,61284_Partridge_692_385,GBR,Aves,Partridge,692,ST692,385,CC385
61286_Chicken_692_385,61286_Chicken_692_385,GBR,Aves,Chicken,692,ST692,385,CC385
61287_Partridge_5_5,61287_Partridge_5_5,GBR,Aves,Partridge,5,ST5,5,CC5
61288_Turkey_5_5,61288_Turkey_5_5,GBR,Aves,Turkey,5,ST5,5,CC5
61289_Partridge_1346_5,61289_Partridge_1346_5,GBR,Aves,Partridge,1346,ST1346,5,CC5
61290_Pheasant_1347_385,61290_Pheasant_1347_385,GBR,Aves,Pheasant,1347,ST1347,385,CC385
61291_Chicken_5_5,61291_Chicken_5_5,DNK,Aves,Chicken,5,ST5,5,CC5
613311_Human_30_30,613311_Human_30_30,FRA,Human,Human,30,ST30,30,CC30
6133110_Human_5_5,6133110_Human_5_5,FRA,Human,Human,5,ST5,5,CC5
6133111_Human_398_398,6133111_Human_398_398,FRA,Human,Human,398,ST398,398,CC398
6133112_Human_NA_45,6133112_Human_2498_45,FRA,Human,Human,2498,ST2498,45,CC45
613312_Human_34_30,613312_Human_34_30,FRA,Human,Human,34,ST34,30,CC30
613313_Human_NA_22,613313_Human_22_22,FRA,Human,Human,22,ST22,22,CC22
613314_Human_5_5,613314_Human_5_5,FRA,Human,Human,5,ST5,5,CC5
613315_Human_NA_30,613315_Human_30_30,FRA,Human,Human,30,ST30,30,CC30
613316_Human_30_30,613316_Human_30_30,FRA,Human,Human,30,ST30,30,CC30
613317_Human_121_121,613317_Human_121_123,FRA,Human,Human,121,ST121,121,CC121
613318_Human_30_30,613318_Human_30_30,FRA,Human,Human,30,ST30,30,CC30
613319_Human_5_5,613319_Human_5_5,FRA,Human,Human,5,ST5,5,CC5
613321_Human_15_15,613321_Human_15_15,NOR,Human,Human,15,ST15,15,CC15
6133211_Human_15_15,6133211_Human_15_15,NOR,Human,Human,15,ST15,15,CC15
6133212_Human_241_8,6133212_Human_241_8,POL,Human,Human,241,ST241,8,CC8
613322_Human_25_25,613322_Human_25_25,POL,Human,Human,25,ST25,25,CC25
613323_Human_NA_121,613323_Human_2880_123,POL,Human,Human,2880,ST2880,123,CC123
613324_Human_26_25,613324_Human_26_25,POL,Human,Human,26,ST26,25,CC25
613326_Human_45_45,613326_Human_45_45,NOR,Human,Human,45,ST45,45,CC45
613329_Human_228_5,613329_Human_228_5,POL,Human,Human,228,ST228,5,CC5
613331_Human_15_15,613331_Human_15_15,POL,Human,Human,15,ST15,15,CC15
613332_Human_239_8,613332_Human_239_8,POL,Human,Human,239,ST239,8,CC8
613334_Human_30_30,613334_Human_30_30,POL,Human,Human,30,ST30,30,CC30
613335_Human_45_45,613335_Human_45_45,POL,Human,Human,45,ST45,45,CC45
613338_Human_45_45,613338_Human_45_45,POL,Human,Human,45,ST45,45,CC45
623611_Human_5_5,623611_Human_5_5,AUT,Human,Human,5,ST5,5,CC5
6236110_Human_22_22,6236110_Human_22_22,AUT,Human,Human,22,ST22,22,CC22
6236111_Human_5_5,6236111_Human_5_5,AUT,Human,Human,5,ST5,5,CC5
623612_Human_20_20,623612_Human_20_20,AUT,Human,Human,20,ST20,20,CC20
623613_Human_7_7,623613_Human_7_7,AUT,Human,Human,7,ST7,7,CC7
623614_Human_45_45,623614_Human_45_45,AUT,Human,Human,45,ST45,45,CC45
623616_Human_15_15,623616_Human_15_15,AUT,Human,Human,15,ST15,15,CC15
623619_Human_NA_12,623619_Human_12_12,AUT,Human,Human,12,ST12,12,CC12
6850_Human_50_50,6850_Human_50_50,na,Human,Human,50,ST50,50,CC50
7065830_Human_36_30,7065830_Human_36_30,GBR,Human,Human,36,ST36,30,CC30
7065844_Human_22_22,7065844_Human_22_22,GBR,Human,Human,22,ST22,22,CC22
7065864_Human_241_8,7065864_Human_241_8,GBR,Human,Human,241,ST241,8,CC8
7068517_Human_22_22,7068517_Human_22_22,GBR,Human,Human,22,ST22,22,CC22
7068520_Human_45_45,7068520_Human_45_45,GBR,Human,Human,45,ST45,45,CC45
7068521_Cow_425_425,7068521_Cow_425_425,GBR,Bovid,Cow,425,ST425,425,CC425
7068522_Human_59_59,7068522_Human_59_59,GBR,Human,Human,59,ST59,59,CC59
7068523_Human_15_15,7068523_Human_15_15,GBR,Human,Human,15,ST15,15,CC15
7068524_Human_1_1,7068524_Human_1_1,GBR,Human,Human,1,ST1,1,CC1
7068527_Cow_1076_151,7068527_Cow_1076_151,GBR,Bovid,Cow,1076,ST1076,151,CC151
7068528_Cow_97_97,7068528_Cow_97_97,GBR,Bovid,Cow,97,ST97,97,CC97
7068529_Cow_151_151,7068529_Cow_151_151,GBR,Bovid,Cow,151,ST151,151,CC151
7068531_Cow_1074_151,7068531_Cow_1074_151,GBR,Bovid,Cow,1074,ST1074,151,CC151
7068538_Cow_151_151,7068538_Cow_151_151,GBR,Bovid,Cow,151,ST151,151,CC151
7068548_Human_81_1,7068548_Human_81_1,GBR,Human,Human,81,ST81,1,CC1
7068549_Human_25_25,7068549_Human_25_25,GBR,Human,Human,25,ST25,25,CC25
7068550_Human_672_361,7068550_Human_672_361,GBR,Human,Human,672,ST672,361,CC361
7083139_Human_1784_22,7083139_Human_1784_22,GBR,Human,Human,1784,ST1784,22,CC22
7092726_Cow_130_130,7092726_Cow_130_130,GBR,Bovid,Cow,130,ST130,130,CC130
7092737_Cow_1526_130,7092737_Cow_1526_130,GBR,Bovid,Cow,1526,ST1526,130,CC130
7092740_Human_1944_130,7092740_Human_1944_130,GBR,Human,Human,1944,ST1944,130,CC130
7092741_Human_1245_130,7092741_Human_1245_130,GBR,Human,Human,1245,ST1245,130,CC130
7092744_Human_1764_130,7092744_Human_1764_130,GBR,Human,Human,1764,ST1764,130,CC130
7092763_Human_1945_130,7092763_Human_1945_130,GBR,Human,Human,1945,ST1945,130,CC130
7092765_Human_1946_1943,7092765_Human_1946_1943or1946,GBR,Human,Human,1946,ST1946,1943,CC1943
7092767_Human_130_130,7092767_Human_130_130,DNK,Human,Human,130,ST130,130,CC130
7229310_Human_6_6,7229310_Human_6_6,GBR,Human,Human,6,ST6,6,CC6
7229311_Human_20_20,7229311_Human_20_20,GBR,Human,Human,20,ST20,20,CC20
7229312_Human_12_12,7229312_Human_12_12,GBR,Human,Human,12,ST12,12,CC12
7229315_Human_72_72,7229315_Human_72_72,GBR,Human,Human,72,ST72,72,CC72
7229328_Human_45_45,7229328_Human_45_45,GBR,Human,Human,45,ST45,45,CC45
7229329_Human_15_15,7229329_Human_15_15,GBR,Human,Human,15,ST15,15,CC15
7229330_Human_15_15,7229330_Human_15_15,GBR,Human,Human,15,ST15,15,CC15
7229338_Human_7_7,7229338_Human_7_7,GBR,Human,Human,7,ST7,7,CC7
722939_Human_34_30,722939_Human_34_30,GBR,Human,Human,34,ST34,30,CC30
7229465_Human_182_NA,7229465_Human_182_NA,GBR,Human,Human,182,ST182,na,CCna
7229471_Human_1035_1035,7229471_Human_1035_1035,GBR,Human,Human,1035,ST1035,1035,CC1035
7229477_Human_30_30,7229477_Human_30_30,GBR,Human,Human,30,ST30,30,CC30
7229483_Human_8_8,7229483_Human_8_8,GBR,Human,Human,8,ST8,8,CC8
7229484_Human_10_10,7229484_Human_10_10,GBR,Human,Human,10,ST10,10,CC10
7229488_Human_12_12,7229488_Human_12_12,GBR,Human,Human,12,ST12,12,CC12
7229516_Human_5_5,7229516_Human_5_5,GBR,Human,Human,5,ST5,5,CC5
7229518_Human_95_121,7229518_Human_95_121,GBR,Human,Human,95,ST95,121,CC121
7229524_Human_47_45,7229524_Human_47_45,GBR,Human,Human,47,ST47,45,CC45
722953_Human_9_9,722953_Human_9_9,GBR,Human,Human,9,ST9,9,CC9
7229531_Human_59_59,7229531_Human_59_59,GBR,Human,Human,59,ST59,59,CC59
7229534_Human_34_30,7229534_Human_34_30,GBR,Human,Human,34,ST34,30,CC30
7229536_Human_12_12,7229536_Human_12_12,GBR,Human,Human,12,ST12,12,CC12
722954_Human_45_45,722954_Human_45_45,GBR,Human,Human,45,ST45,45,CC45
7229649_Human_47_45,7229649_Human_47_45,GBR,Human,Human,47,ST47,45,CC45
7229653_Human_8_8,7229653_Human_8_8,GBR,Human,Human,8,ST8,8,CC8
7229658_Human_123_123,7229658_Human_123_123,GBR,Human,Human,109,ST109,9,CC9
7229665_Human_789_7,7229665_Human_789_7,GBR,Human,Human,789,ST789,7,CC7
7229666_Human_97_97,7229666_Human_97_97,GBR,Human,Human,97,ST97,97,CC97
7229676_Human_1_1,7229676_Human_1_1,GBR,Human,Human,1,ST1,1,CC1
7229682_Human_5_5,7229682_Human_5_5,GBR,Human,Human,5,ST5,5,CC5
7229691_Human_34_30,7229691_Human_34_30,GBR,Human,Human,34,ST34,30,CC30
7229692_Human_8_8,7229692_Human_8_8,GBR,Human,Human,8,ST8,8,CC8
7229695_Human_582_15,7229695_Human_582_15,GBR,Human,Human,582,ST582,15,CC15
739612_Human_188_15,739612_Human_188_188,GBR,Human,Human,188,ST188,188,CC188
7396122_Human_NA_NA,7396122_Human_NA_NA,GBR,Human,Human,na,STna,na,CCna
7396133_Human_51_121,7396133_Human_51_121,GBR,Human,Human,51,ST51,121,CC121
7396136_Human_8_8,7396136_Human_8_8,GBR,Human,Human,8,ST8,8,CC8
7396252_Human_34_30,7396252_Human_34_30,GBR,Human,Human,34,ST34,30,CC30
7396260_Human_30_30,7396260_Human_30_30,GBR,Human,Human,30,ST30,30,CC30
7396264_Human_123_123,7396264_Human_123_123,GBR,Human,Human,123,ST123,123,CC123
7396266_Human_54_22,7396266_Human_54_22,GBR,Human,Human,54,ST54,22,CC22
7396276_Human_78_88,7396276_Human_78_88,GBR,Human,Human,78,ST78,88,CC88
7396277_Human_26_25,7396277_Human_26_25,GBR,Human,Human,26,ST26,25,CC25
7396279_Human_188_15,7396279_Human_188_188,GBR,Human,Human,188,ST188,188,CC188
7396285_Human_508_45,7396285_Human_508_45,GBR,Human,Human,508,ST508,45,CC45
7474263_Human_1224_59,7474263_Human_1224_59,GBR,Human,Human,1224,ST1224,59,CC59
7474274_Human_464_97,7474274_Human_464_97,GBR,Human,Human,464,ST464,97,CC97
7474277_Human_34_30,7474277_Human_34_30,GBR,Human,Human,34,ST34,30,CC30
7474282_Human_45_45,7474282_Human_45_45,GBR,Human,Human,45,ST45,45,CC45
7474292_Human_59_59,7474292_Human_59_59,GBR,Human,Human,59,ST59,59,CC59
7853523_Sheep_130_130,7853523_Sheep_130_130,DNK,Bovid,Sheep,130,ST130,130,CC130
7853525_Cow_130_130,7853525_Cow_130_130,DNK,Bovid,Cow,130,ST130,130,CC130
7853526_Rat_2273_49,7853526_Rat_2273_49,BEL,Rodent,Rat,2273,ST2273,49,CC49
7853529_Rat_2273_49,7853529_Rat_2273_49,BEL,Rodent,Rat,2273,ST2273,49,CC49
7853561_Horse_61_15,7853561_Horse_CC61or171_61,GBR,Equine,Horse,61,ST61,61,CC61
7853575_Dog_8_8,7853575_Dog_8_8,GBR,Carnivore,Dog,8,ST8,8,CC8
7853576_Dog_30_30,7853576_Dog_30_30,GBR,Carnivore,Dog,30,ST30,30,CC30
7853579_Dog_22_22,7853579_Dog_22_22,GBR,Carnivore,Dog,22,ST22,22,CC22
7853583_Dog_30_30,7853583_Dog_30_30,GBR,Carnivore,Dog,30,ST30,30,CC30
7893810_Human_8_8,7893810_Human_8_8,GBR,Human,Human,8,ST8,8,CC8
789384_Human_398_398,789384_Human_398_398,GBR,Human,Human,398,ST398,398,CC398
7893849_Human_2173_1943,7893849_Human_2173_1943,DNK,Human,Human,2173,ST2173,1943,CC1943
789385_Human_2014_8,789385_Human_2014_8,GBR,Human,Human,2014,ST2014,8,CC8
7893854_Human_2174_1943,7893854_Human_2174_1943,DNK,Human,Human,2174,ST2174,1943,CC1943
7893870_Human_101_101,7893870_Human_101_101,DNK,Human,Human,101,ST101,101,CC101
7893885_Cat_599_599,7893885_Cat_599_599,DEU,Carnivore,Cat,599,ST599,599,CC599
7893893_Rat_2024_130,7893893_Rat_2024_130,DEU,Rodent,Rat,2024,ST2024,130,CC130
7893895_Redsquirrel_1958_8,7893895_Redsquirrel_1958_8,GBR,Rodent,Redsquirrel,1958,ST1958,8,CC8
8014418_Human_1021_446,8014418_Human_446_446,DEU,Human,Human,446,ST446,446,CC446
8014444_Sheep_700_130,8014444_Sheep_700_130,ITA,Bovid,Sheep,700,ST700,130,CC130
8014448_skin_522_522,8014448_skin_522_522,ITA,Bovid,Sheep,522,ST522,522,CC522
8014449_Sheep_700_130,8014449_Sheep_700_130,ITA,Bovid,Sheep,700,ST700,130,CC130
8014450_Cow_1627_130,8014450_Cow_1627_130,ITA,Bovid,Cow,1627,ST1627,130,CC130
8014452_Redsquirrel_49_49,8014452_Redsquirrel_49_49,GBR,Rodent,Redsquirrel,49,ST49,49,CC49
8014454_Redsquirrel_49_49,8014454_Redsquirrel_49_49,JEY,Rodent,Redsquirrel,49,ST49,49,CC49
8014460_Redsquirrel_1957_49,8014460_Redsquirrel_1957_49,GBR,Rodent,Redsquirrel,1957,ST1957,49,CC49
8014463_Redsquirrel_1956_121,8014463_Redsquirrel_1956_1956,GBR,Rodent,Redsquirrel,1956,ST1956,1956,CC1956
8014464_Duck_692_385,8014464_Duck_692_385,GBR,Aves,Duck,692,ST692,385,CC385
8014469_Pig_49_49,8014469_Pig_49_49,CHE,Porcine,Pig,49,ST49,49,CC49
8014474_Cow_425_425,8014474_Cow_425_425,GBR,Bovid,Cow,425,ST425,425,CC425
8014480_Cow_2573_130,8014480_Cow_2573_130,GBR,Bovid,Cow,2573,ST2573,130,CC130
8014488_Human_novel_446,8014488_Human_2616_2616 ,GBR,Human,Human,2616,ST2616,2616,CC2616
8014495_Human_718_718,8014495_Human_718_718,GBR,Human,Human,718,ST718,718,CC718
80378_Cow_124_97,80378_Cow_124_97,USA,Bovid,Cow,124,ST124,97,CC97
80379_Cow_97_97,80379_Cow_97_97,DEU,Bovid,Cow,97,ST97,97,CC97
80381_Cow_115_97,80381_Cow_115_97,CAN,Bovid,Cow,115,ST115,97,CC97
80382_Cow_97_97,80382_Cow_97_97,IRL,Bovid,Cow,97,ST97,97,CC97
80383_Cow_97_97,80383_Cow_97_97,IRL,Bovid,Cow,97,ST97,97,CC97
80386_Cow_97_97,80386_Cow_97_97,USA,Bovid,Cow,97,ST97,97,CC97
80387_Cow_97_97,80387_Cow_97_97,CHL,Bovid,Cow,97,ST97,97,CC97
80388_Cow_97_97,80388_Cow_97_97,CHL,Bovid,Cow,97,ST97,97,CC97
80389_Pig_97_97,80389_Pig_97_97,ITA,Porcine,Pig,97,ST97,97,CC97
80391_Human_97_97,80391_Human_97_97,GUF,Human,Human,97,ST97,97,CC97
80392_Human_97_97,80392_Human_97_97,MDA,Human,Human,97,ST97,97,CC97
80393_Human_97_97,80393_Human_97_97,FRA,Human,Human,97,ST97,97,CC97
80394_Human_97_97,80394_Human_97_97,GBR,Human,Human,97,ST97,97,CC97
80395_Human_97_97,80395_Human_97_97,GBR,Human,Human,97,ST97,97,CC97
80396_Human_97_97,80396_Human_97_97,GBR,Human,Human,97,ST97,97,CC97
80397_Human_97_97,80397_Human_97_97,GBR,Human,Human,97,ST97,97,CC97
80398_Human_97_97,80398_Human_97_97,GBR,Human,Human,97,ST97,97,CC97
80399_Human_97_97,80399_Human_97_97,GBR,Human,Human,97,ST97,97,CC97
8113414_Human_2416_8,8113414_Human_2416_8,GBR,Human,Human,2416,ST2416,8,CC8
8113425_Human_30_30,8113425_Human_30_30,GBR,Human,Human,30,ST30,30,CC30
8113433_Human_630_8,8113433_Human_630_8,GBR,Human,Human,630,ST630,8,CC8
8113435_Human_2021_8,8113435_Human_2021_8,GBR,Human,Human,2021,ST2021,8,CC8
8113444_Human_25_25,8113444_Human_25_25,GBR,Human,Human,25,ST25,25,CC25
8113447_Human_1_1,8113447_Human_1_1,GBR,Human,Human,1,ST1,1,CC1
8113449_Human_12_12,8113449_Human_12_12,GBR,Human,Human,12,ST12,12,CC12
8113456_Human_47_45,8113456_Human_47_45,GBR,Human,Human,47,ST47,45,CC45
8113465_Human_291_291,8113465_Human_291_291,GBR,Human,Human,291,ST291,291,CC291
8113466_Human_30_30,8113466_Human_30_30,GBR,Human,Human,30,ST30,30,CC30
8113476_Human_30_30,8113476_Human_30_30,GBR,Human,Human,30,ST30,30,CC30
8113481_Human_30_30,8113481_Human_30_30,GBR,Human,Human,30,ST30,30,CC30
8113482_Human_88_88,8113482_Human_88_88,GBR,Human,Human,88,ST88,88,CC88
8113483_Human_609_8,8113483_Human_609_8,GBR,Human,Human,609,ST609,8,CC8
8113487_Human_12_12,8113487_Human_12_12,GBR,Human,Human,12,ST12,12,CC12
8113514_Human_88_88,8113514_Human_88_88,GBR,Human,Human,88,ST88,88,CC88
8113529_Human_247_112,8113529_Human_247_112,GBR,Human,Human,247,ST247,112,CC112
8113554_Human_250_8,8113554_Human_250_8,GBR,Human,Human,250,ST250,8,CC8
8113575_Human_250_8,8113575_Human_250_8,GBR,Human,Human,250,ST250,8,CC8
8113592_Human_2046_22,8113592_Human_2046_22,GBR,Human,Human,2046,ST2046,22,CC22
814071_Human_novel_NA,814071_Human_novel_NA,FJI,Human,Human,na,STna,na,CCna
8140735_Human_2250_NA,8140735_Human_2250_NA,AUS,Human,Human,2250,ST2250,na,CCna
8140755_Human_1223_NA,8140755_Human_1223_NA,AUS,Human,Human,1223,ST1223,na,CCna
8205120_Human_2179_599,8205120_Human_2179_599,GBR,Human,Human,2179,ST2179,599,CC599
8205124_Human_446_446,8205124_Human_446_446,DNK,Human,Human,446,ST446,446,CC446
8205127_Human_138_138,8205127_Human_138_49,DNK,Human,Human,138,ST138,49,CC49
8205134_Cow_574_130,8205134_Cow_574_130,SWE,Bovid,Cow,574,ST574,130,CC130
8205135_Cow_1126_71,8205135_Cow_1126_71,GBR,Bovid,Cow,1126,ST1126,71,CC71
8205145_Cow_1_1,8205145_Cow_1_1,GBR,Bovid,Cow,1,ST1,1,CC1
820515_Cow_50_50,820515_Cow_50_50,NLD,Bovid,Cow,50,ST50,50,CC50
8205152_Cow_9_9,8205152_Cow_9_9,GBR,Bovid,Cow,9,ST9,9,CC9
8205155_Cow_71_97,8205155_Cow_71_97,GBR,Bovid,Cow,71,ST71,97,CC97
8205260_Monkey_1872,8205260_Monkey_1872,GAB,Monkey,Monkey,1872,ST1872,1872,CC1872
8205267_Monkey_2022,8205267_Monkey_2022,GAB,Monkey,Monkey,2022,ST2022,2022,CC2022
8205270hMonkey_novel,8205270hMonkey_novel,GAB,Monkey,Monkey,na,STna,na,CCna
8205272_Monkey_novel,8205272_Monkey_novel,GAB,Monkey,Gorilla,na,STna,na,CCna
8205275_Monkey_2059,8205275_Monkey_2059,CIV,Monkey,Monkey,2059,ST2059,2059,CC2059
820528_Human_2198_NA,820528_Human_2198_NA,AUS,Human,Human,2198,ST2198,na,CCna
8205280_Monkey_2058,8205280_Monkey_2058,CIV,Monkey,Monkey,2058,ST2058,599,CC599
8233493_Human_novel,8233493_Human_novel,GBR,Human,Human,na,STna,na,CCna
8490714_Cow_425_425,8490714_Cow_425_425,GBR,Bovid,Cow,425,ST425,425,CC425
8490732_Goatprobably_480_130,8490732_Goatprobably_480_130,NOR,Bovid,Goat (probably),480,ST480,130,CC130
8490765_Cow_425_425,8490765_Cow_425_425,GBR,Bovid,Cow,425,ST425,425,CC425
8490784_Cow_1_1,8490784_Cow_1_1,GBR,Bovid,Cow,1,ST1,1,CC1
849079_Cow_130_130,849079_Cow_130_130,GBR,Bovid,Cow,130,ST130,130,CC130
8490793_Cow_8_8,8490793_Cow_8_8,GBR,Bovid,Cow,8,ST8,8,CC8
8728564_Human_109_9,8728564_Human_109_9,GBR,Human,Human,109,ST109,9,CC9
8728565_Human_30_30,8728565_Human_30_30,GBR,Human,Human,30,ST30,30,CC30
8987246_Cow_2012_1,8987246_Cow_2012_1,GBR,Bovid,Cow,2012,ST2012,1,CC1
8987284_Human_5_5,8987284_Human_5_5,GBR,Human,Human,5,ST5,5,CC5
8987289_Cow_22_22,8987289_Cow_22_22,GBR,Bovid,Cow,22,ST22,22,CC22
9061815_Human_1709_398,9061815_Human_1709_398,GBR,Human,Human,1709,ST1709,398,CC398
9061823_Human_9_9,9061823_Human_9_9,GBR,Human,Human,9,ST9,9,CC9
9061831_Human_1232_398,9061831_Human_1232_398,GBR,Human,Human,1232,ST1232,398,CC398
9061868_Horse_1_1,9061868_Horse_1_1,GBR,Equine,Horse,1,ST1,1,CC1
9061870_Dog_34_30,9061870_Dog_34_30,GBR,Carnivore,Dog,34,ST34,30,CC30
9061871_Horse_8_8,9061871_Horse_8_8,GBR,Equine,Horse,8,ST8,8,CC8
9061875_Horse_36_30,9061875_Horse_36_30,GBR,Equine,Horse,36,ST36,30,CC30
9061877_Horse_816_522,9061877_Horse_816_522,GBR,Equine,Horse,816,ST816,522,CC522
9061879_Horse_350_350,9061879_Horse_350_350,GBR,Equine,Horse,350,ST350,350,CC350
9061880_Horse_1_1,9061880_Horse_1_1,GBR,Equine,Horse,1,ST1,1,CC1
9119223_Cow_133_133,9119223_Cow_133_133,GBR,Bovid,Cow,133,ST133,133,CC133
9119238_Cow_1073_1073,9119238_Cow_1073_1073,GBR,Bovid,Cow,1073,ST1073,1073,CC1073
9119251_Cow_352_97,9119251_Cow_352_97,GBR,Bovid,Cow,352,ST352,97,CC97
9119266_Cow_425_425,9119266_Cow_425_425,GBR,Bovid,Cow,425,ST425,425,CC425
9119271_Cow_1247_133,9119271_Cow_1247_133,GBR,Bovid,Cow,1247,ST1247,133,CC133
9119280_Cow_1859_97,9119280_Cow_1859_97,GBR,Bovid,Cow,1859,ST1859,97,CC97
9472238_Human_2361_1943,9472238_Human_2361_1943,SWE,Human,Human,2361,ST2361,1943,CC1943
9472246_Cow_45_45,9472246_Cow_45_45,GBR,Bovid,Cow,45,ST45,45,CC45
9472252_Sheep_521_521,9472252_Sheep_521_521,ITA,Bovid,Sheep,521,ST521,521,CC521
9472263_Goat_425_425,9472263_Goat_425_425,ITA,Bovid,Goat,425,ST425,425,CC425
9472264_Goat_522_522,9472264_Goat_522_522,ITA,Bovid,Goat,522,ST522,522,CC522
9472266_Human_890_890,9472266_Human_890_890,FRA,Human,Human,890,ST890,890,CC890
9472267_Human_121_121,9472267_Human_121_121,FRA,Human,Human,121,ST121,121,CC121
9472283_Cow_243_30,9472283_Cow_243_30,GBR,Bovid,Cow,243,ST243,30,CC30
9472284_Cow_254_8,9472284_Cow_254_8,GBR,Bovid,Cow,254,ST254,8,CC8
9472285_Cow_5_5,9472285_Cow_5_5,GBR,Bovid,Cow,5,ST5,5,CC5
9472286_Cow_30_30,9472286_Cow_30_30,GBR,Bovid,Cow,30,ST30,30,CC30
9472287_Cow_39_30,9472287_Cow_39_30,GBR,Bovid,Cow,39,ST39,30,CC30
9472290_NA_707_707,9472290_NA_707_707,USA,Human,Human,707,ST707,707,CC707
9716391_Human_8_8,9716391_Human_8_8,GBR,Human,Human,8,ST8,8,CC8
9716458_NA_2616_2616,9716458_Human_2616_2616,DEU ,Human,Human,2616,ST2616,2616,CC2616
9716493_Cat_737_22,9716493_Cat_737_22,DEU,Carnivore,Cat,737,ST737,22,CC22
973N0001_Cow_354_NA,973N0001_Cow_354_NA,USA,Bovid,Cow,354,ST354,na,CCna
973N0002_Horse_8_8,973N0002_Horse_8_8,CHE,Equine,Horse,8,ST8,8,CC8
973N0003_Cow_1_1,973N0003_Cow_1_1,NOR,Bovid,Cow,1,ST1,1,CC1
973N0004_Cow_483_130,973N0004_Cow_483_130,NOR,Bovid,Cow,483,ST483,130,CC130
973N0005_Mara_2502_15,973N0005_Mara_130_130,DNK,Rodent,Mara,130,ST130,130,CC130
973N0006_GuineaPig_15_15,973N0006_GuineaPig_15_15,DNK,Rodent,GuineaPig,15,ST15,15,CC15
973N0007_Cow_25_25,973N0007_Cow_25_25,USA,Bovid,Cow,25,ST25,25,CC25
973N0008_Cow_350_350,973N0008_Cow_350_350,USA,Bovid,Cow,350,ST350,350,CC350
973N0009_Goat_133_133,973N0009_Goat_133_133,NOR,Bovid,Goat,133,ST133,133,CC133
973N0010_Sheep_133_133,973N0010_Sheep_133_133,NOR,Bovid,Sheep,133,ST133,133,CC133
973N0011_Rabbit_1_1,973N0011_Rabbit_1_1,BEL,Lagomorphs,Rabbit,1,ST1,1,CC1
973N0012_Goat_480_130,973N0012_Goat_480_130,NOR,Bovid,Goat,480,ST480,130,CC130
973N0013_Pig_49_49,973N0013_Pig_49_49,CHE,Porcine,Pig,49,ST49,49,CC49
973N0014_Horse_1_1,973N0014_Horse_1_1,CHE,Equine,Horse,1,ST1,1,CC1
973N0015_Horse_1660_1660,973N0015_Horse_1660_1660,CHE,Equine,Horse,1660,ST1660,1660,CC1660
973N0016_Cow_30_30,973N0016_Cow_30_30,USA,Bovid,Cow,30,ST30,30,CC30
973N0017_Cow_1_1,973N0017_Cow_1_1,USA,Bovid,Cow,1,ST1,1,CC1
973N0018_Pig_49_49,973N0018_Pig_49_49,CHE,Porcine,Pig,49,ST49,49,CC49
973N0019_Cow_709_97,973N0019_Cow_709_97,ARG,Bovid,Cow,709,ST709,97,CC97
973N0020_Goat_71_97,973N0020_Goat_71_97,AUT,Bovid,Goat,71,ST71,97,CC97
973N0021_Sheep_71_97,973N0021_Sheep_71_97,DNK,Bovid,Sheep,71,ST71,97,CC97
973N0022_Cow_706_9,973N0022_Cow_706_9,DNK,Bovid,Cow,706,ST706,9,CC9
973N0023_Goat_39_30,973N0023_Goat_39_30,ITA,Bovid,Goat,39,ST39,30,CC30
973N0024_Goat_126_97,973N0024_Goat_126_NA,ITA,Bovid,Goat,126,ST126,na,CCna
973N0025_Goat_25_25,973N0025_Goat_25_25,ITA,Bovid,Goat,25,ST25,25,CC25
973N0026_Rabbit_8_8,973N0026_Rabbit_8_8,BEL,Lagomorphs,Rabbit,8,ST8,8,CC8
973N0027_Goat_101_101,973N0027_Goat_101_101,ITA,Bovid,Goat,101,ST101,101,CC101
973N0028_Goat_22_22,973N0028_Goat_22_22,ITA,Bovid,Goat,22,ST22,22,CC22
973N0029_Goat_522_522,973N0029_Goat_522_522,AUT,Bovid,Goat,522,ST522,522,CC522
973N0030_Rabbit_407_8,973N0030_Rabbit_407_8,ESP,Lagomorphs,Rabbit,407,ST407,8,CC8
973N0031_Cow_20_20,973N0031_Cow_20_20,ESP,Bovid,Cow,20,ST20,20,CC20
973N0032_Rabbit_96_96,973N0032_Rabbit_96_96,BEL,Lagomorphs,Rabbit,96,ST96,96,CC96
973N0033_Mongoose_15_15,973N0033_Mongoose_15_15,DNK,Carnivore,Mongoose,15,ST15,15,CC15
973N0034_Horse_15_15,973N0034_Horse_15_15,DNK,Equine,Horse,15,ST15,15,CC15
973N0035_Chimpanzee_188_15,973N0035_Chimpanzee_188_15,DNK,Monkey,Chimpanzee,188,ST188,15,CC15
973N0036_Bat_15_15,973N0036_Bat_15_15,DNK,Bat,Bat,15,ST15,15,CC15
973N0037_Chicken_8_8,973N0037_Chicken_8_8,GBR,Aves,Chicken,8,ST8,8,CC8
973N0040_Porpoise_133_133,973N0040_Porpoise_133_133,GBR,Marine,Porpoise,133,ST133,133,CC133
973N0041_Cat_151_151,973N0041_Cat_151_151,SWE,Carnivore,Cat,151,ST151,151,CC151
973N0042_Porpoise_630_8,973N0042_Porpoise_630_8,NLD,Marine,Porpoise,630,ST630,8,CC8
973N0043_Porpoise_1766_1762,973N0043_Porpoise_1766_1762,GBR,Marine,Porpoise,1766,ST1766,1762,CC1762
973N0044_Pig_398_398,973N0044_Pig_398_398,CHE,Porcine,Pig,398,ST398,398,CC398
973N0045_Horse_1_1,973N0045_Horse_1_1,CHE,Equine,Horse,1,ST1,1,CC1
973N0046_Cow_30_30,973N0046_Cow_30_30,USA,Bovid,Cow,30,ST30,30,CC30
973N0048_Goat_712_133,973N0048_Goat_712_133,FRA,Bovid,Goat,712,ST712,133,CC133
973N0049_WildBird_45_45,973N0049_WildBird_45_45,GBR,Aves,WildBird,45,ST45,45,CC45
973N0050_Pheasant_15_15,973N0050_Pheasant_15_15,GBR,Aves,Pheasant,15,ST15,15,CC15
973N0052_WildBird_2049_1962,973N0052_WildBird_2049_1962,GBR,Aves,WildBird,2049,ST2049,1962,CC1962
973N0053_Cow_115_97,973N0053_Cow_115_97,USA,Bovid,Cow,115,ST115,97,CC97
973N0054_Goat_711_133,973N0054_Goat_711_133,FRA,Bovid,Goat,711,ST711,133,CC133
973N0056_Grouse_692_385,973N0056_Grouse_692_385,GBR,Aves,Grouse,692,ST692,385,CC385
973N0057_Cow_118_97,973N0057_Cow_118_97,USA,Bovid,Cow,118,ST118,97,CC97
973N0058_Cow_351_151,973N0058_Cow_351_151,USA,Bovid,Cow,351,ST351,151,CC151
973N0059_Seal_2501_1,973N0059_Seal_130_130,GBR,Marine,Seal,130,ST130,130,CC130
973N0061_Cow_356_356,973N0061_Cow_356_356,CHL,Bovid,Cow,356,ST356,356,CC356
973N0062_Cow_151_151,973N0062_Cow_151_151,GBR,Bovid,Cow,151,ST151,151,CC151
973N0063_Monkey_1006_601,973N0063_Monkey_1006_601,GBR,Monkey,Monkey,1006,ST1006,601,CC601
973N0064_Cow_130_130,973N0064_Cow_130_130,NOR,Bovid,Cow,130,ST130,130,CC130
973N0065_Meerkat_1_1,973N0065_Meerkat_1_1,GBR,Carnivore,Meerkat,1,ST1,1,CC1
973N0066_Cow_1_1,973N0066_Cow_1_1,NOR,Bovid,Cow,1,ST1,1,CC1
973N0068_Cow_151_151,973N0068_Cow_151_151,IRL,Bovid,Cow,151,ST151,151,CC151
973N0070_Cow_135_5,973N0070_Cow_135_5,NOR,Bovid,Cow,135,ST135,5,CC5
973N0071_Horse_45_45,973N0071_Horse_45_45,DNK,Equine,Horse,45,ST45,45,CC45
973N0072_Mongoose_1_1,973N0072_Mongoose_1_1,DNK,Carnivore,Mongoose,1,ST1,1,CC1
973N0073_Parrot_25_25,973N0073_Parrot_25_25,USA,Aves,Parrot,25,ST25,25,CC25
973N0074_GreatTit_425_425,973N0074_GreatTit_425_425,GBR,Aves,Great Tit,425,ST425,425,CC425
973N0075_Cow_349_347,973N0075_Cow_349_347,USA,Bovid,Cow,349,ST349,347,CC347
973N0076_Cow_151_151,973N0076_Cow_151_151,GBR,Bovid,Cow,151,ST151,151,CC151
973N0078_Cow_2503_2503,973N0078_Cow_479_479,NOR,Bovid,Cow,479,ST479,479,CC479
973N0080_Sheep_151_151,973N0080_Sheep_151_151,SWE,Bovid,Sheep,705,ST705,151,CC151
973N0081_Goat_6_6,973N0081_Goat_6_6,DNK,Bovid,Goat,6,ST6,6,CC6
973N0082_Cow_151_151,973N0082_Cow_151_151,IRL,Bovid,Cow,151,ST151,151,CC151
973N0083_Cow_151_151,973N0083_Cow_151_151,IRL,Bovid,Cow,151,ST151,151,CC151
973N0084_Cow_9_9,973N0084_Cow_9_9,IRL,Bovid,Cow,9,ST9,9,CC9
973N0085_Cow_479_479,973N0085_Cow_479_479,NOR,Bovid,Cow,479,ST479,479,CC479
973N0086_Cow_520_479,973N0086_Cow_520_479,NOR,Bovid,Cow,520,ST520,479,CC479
973N0087_Cloudrat_1776_6,973N0087_Cloudrat_1776_6,GBR,Rodent,Cloudrat,1776,ST1776,6,CC6
973N0088_Cow_45_45,973N0088_Cow_45_45,USA,Bovid,Cow,45,ST45,45,CC45
973N0089_Cow_25_25,973N0089_Cow_25_25,USA,Bovid,Cow,25,ST25,25,CC25
973N0090_Cow_50_50,973N0090_Cow_50_50,USA,Bovid,Cow,50,ST50,50,CC50
973N0091_Chicken_5_5,973N0091_Chicken_5_5,BEL,Aves,Chicken,5,ST5,5,CC5
973N0092_Cow_122_45,973N0092_Cow_122_45,USA,Bovid,Cow,122,ST122,45,CC45
973N0093_Cow_45_45,973N0093_Cow_45_45,USA,Bovid,Cow,45,ST45,45,CC45
AB106_Pig_97_97,AB106_Pig_97_97,ITA,Porcine,Pig,97,ST97,97,CC97
Bmb9393_Human_239_8,Bmb9393_Human_239_8,BRA,Human,Human,239,ST239,8,CC8
CA347_Human_45_45,CA347_Human_45_45,USA,Human,Human,45,ST45,45,CC45
CHILE5_Cow_97_97,CHILE5_Cow_97_97,CHL,Bovid,Cow,97,ST97,97,CC97
CN1_Human_72_72,CN1_Human_72_72,KOR,Human,Human,72,ST72,72,CC72
COL_Human_250_250,COL_Human_250_250,GBR,Human,Human,250,ST250,8,CC8
CTH54_Cow_97_97,CTH54_Cow_97_97,USA,Bovid,Cow,97,ST97,97,CC97
ECTR2_Human_5_5,ECTR2_Human_5_5,SWE,Human,Human,5,ST5,5,CC5
ED133_Sheep_133_133,ED133_Sheep_133_133,FRA,Bovid,Sheep,133,ST133,133,CC133
ED98_Chicken_5_5,ED98_Chicken_5_5,IRL,Aves,Chicken,5,ST5,5,CC5
FL5_Human_97_97,FL5_Human_97_97,TUR,Human,Human,97,ST97,97,CC97
HAR24_Human_36_30,HAR24_Human_36_30,GBR,Human,,36,ST36,30,CC30
HO50960412,HO50960412_Human_22_22,GBR,Human,Human,22,ST22,22,CC22
JH1_Human_105_5,JH1_Human_105_5,USA,Human,Human,105,ST105,5,CC5
JH9_Human_105_5,JH9_Human_105_5,USA,Human,Human,105,ST105,5,CC5
JKD6008_Human_239_8,JKD6008_Human_239_8,NZL,Human,Human,239,ST239,8,CC8
JKD6159_Human_93_93,JKD6159_Human_93_93,AUS,Human,Human,93,ST93,93,CC93
JL3177B_Human_97_97,JL3177B_Human_97_97,GBR,Human,Human,97,ST97,97,CC97
KRN563B_Human_97_97,KRN563B_Human_97_97,BRA,Human,Human,97,ST97,97,CC97
LGA251_Cow_425_425,LGA251_Cow_425_425,GBR,Bovid,Cow,425,ST425,425,CC425
LMA1166B_Cow_97_97,LMA1166B_Cow_97_97,FRA,Bovid,Cow,97,ST97,97,CC97
M013_Human_59_59,M013_Human_59_59,TWN,Human,Human,59,ST59,59,CC59
MRSA252_Human_36_30,MRSA252_Human_36_30,GBR,Human,Human,36,ST36,30,CC30
MS14_Human_97_97,MS14_Human_97_97,TUR,Human,Human,97,ST97,97,CC97
MSHR1132_Human_1850_75,MSHR1132_Human_1850_75,AUS,Human,Human,1850,ST1850,75,CC75
MSSA476_Human_1_1,MSSA476_Human_1_1,GBR,Human,Human,1,ST1,1,CC1
Mu3_Human_5_5,Mu3_Human_5_5,JPN,Human,Human,5,ST5,5,CC5
Mu50_Human_5_5,Mu50_Human_5_5,JPN,Human,Human,5,ST5,5,CC5
MW2_Human_1_1,MW2_Human_1_1,USA,Human,Human,1,ST1,1,CC1
N315_Human_5_5,N315_Human_5_5,JPN,Human,Human,5,ST5,5,CC5
NCTC8325_Human_8_8,NCTC8325_Human_8_8,DEU,Human,Human,8,ST8,8,CC8
Newman_Human_254_8,Newman_Human_254_8,na,Human,Human,254,ST254,8,CC8
RC7_Cow_97_97,RC7_Cow_97_97,ESP,Bovid,Cow,97,ST97,97,CC97
RF122_Cow_151_151,RF122_Cow_151_151,IRL,Bovid,Cow,151,ST151,151,CC151
RM1_Human_97_97,RM1_Human_97_97,GBR,Human,Human,97,ST97,97,CC97
SA40_Human_59_59,SA40_Human_59_59,TWN,Human,Human,59,ST59,59,CC59
SA957_Human_59_59,SA957_Human_59_59,TWN,Human,Human,59,ST59,59,CC59
SRR445028_Pigdust_398_398,SRR445028_Pigdust_398_398,POL,Porcine,Pig (dust),398,ST398,398,CC398
SRR445034_Pig_398_398,SRR445034_Pig_398_398,USA,Porcine,Pig,398,ST398,398,CC398
SRR445035_Pig_398_398,SRR445035_Pig_398_398,USA,Porcine,Pig,398,ST398,398,CC398
SRR445039_Human_398_398,SRR445039_Human_398_398,CHN,Human,Human,398,ST398,398,CC398
SRR445042_Human_398_398,SRR445042_Human_398_398,CHN,Human,Human,398,ST398,398,CC398
SRR445057_Human_398_398,SRR445057_Human_398_398,DNK,Human,Human,398,ST398,398,CC398
SRR445060_Pigdust_398_398,SRR445060_Pigdust_398_398,FRA,Porcine,Pig (dust),398,ST398,398,CC398
SRR445073_Human_398_398,SRR445073_Human_398_398,DNK,Human,Human,398,ST398,398,CC398
SRR445075_Human_398_398,SRR445075_Human_398_398,DNK,Human,Human,398,ST398,398,CC398
SRR445077_Human_398_398,SRR445077_Human_398_398,GUF,Human,Human,398,ST398,398,CC398
SRR445080_Human_398_398,SRR445080_Human_398_398,FRA,Human,Human,398,ST398,398,CC398
SRR445230_Pigdust_398_398,SRR445230_Pigdust_398_398,ESP,Porcine,Pig (dust),398,ST398,398,CC398
SRR445236_Pigdust_398_398,SRR445236_Pigdust_398_398,DNK,Porcine,Pig (dust),398,ST398,398,CC398
SRR445237_Pigdust_398_398,SRR445237_Pigdust_398_398,DNK,Porcine,Pig (dust),398,ST398,398,CC398
SRR445238_Human_398_398,SRR445238_Human_398_398,USA,Human,Human,398,ST398,398,CC398
SRR445239_Pigdust_398_398,SRR445239_Pigdust_398_398,ITA,Porcine,Pig (dust),398,ST398,398,CC398
SRR445265_Pig_398_398,SRR445265_Pig_398_398,USA,Porcine,Pig,398,ST398,398,CC398
SRR445266_Pig_398_398,SRR445266_Pig_398_398,USA,Porcine,Pig,398,ST398,398,CC398
SRR445267_Turkey_398_398,SRR445267_Turkey_398_398,USA,Aves,Turkey,398,ST398,398,CC398
SRR445269_Turkey_398_398,SRR445269_Turkey_398_398,USA,Aves,Turkey,398,ST398,398,CC398
SRR445271_Turkey_398_398,SRR445271_Turkey_398_398,USA,Aves,Turkey,398,ST398,398,CC398
SRR445276_Pigdust_398_398,SRR445276_Pigdust_398_398,FIN,Porcine,Pig (dust),398,ST398,398,CC398
SRR445279_Horse_398_398,SRR445279_Horse_398_398,BEL,Equine,Horse,398,ST398,398,CC398
SRR445281_Pig_398_398,SRR445281_Pig_398_398,DNK,Porcine,Pig,398,ST398,398,CC398
SRR445286_Pigdust_398_398,SRR445286_Pigdust_398_398,SVN,Porcine,Pig (dust),398,ST398,398,CC398
SRR445291_Pigdust_398_398,SRR445291_Pigdust_398_398,BEL,Porcine,Pig (dust),398,ST398,398,CC398
SRR445292_Cow_398_398,SRR445292_Cow_398_398,BEL,Bovid,Cow,398,ST398,398,CC398
ST398_Human_398_398,ST398_Human_398_398,USA,Human,Human,398,ST398,398,CC398
T0131_Human_239_8,T0131_Human_239_8,CHN,Human,Human,239,ST239,8,CC8
TCH60_Human_30_30,TCH60_Human_30_30,USA,Human,Human,30,ST30,30,CC30
TW20_Human_239_8,TW20_Human_239_8,GBR,Human,Human,239,ST239,8,CC8
USA300FPR3757_Human_8_8,USA300FPR3757_Human_8_8,USA,Human,Human,8,ST8,8,CC8
USA300TCH1516_Human_8_8,USA300TCH1516_Human_8_8,USA,Human,Human,8,ST8,8,CC8
VC40_Human_8_NA,VC40_Human_8_8,DEU,Human,Human,8,ST8,8,CC8
Z172_Human_239_8,Z172_Human_239_8,TWN,Human,Human,239,ST239,8,CC8
